User Input,Chatbot Response,Timestamp
hello,Hi there,2024-09-10 01:21:51
how are you ,My purpose is to assist you,2024-09-10 01:21:57
weather ,"I'm sorry, I cannot provide real-time weather information.",2024-09-10 01:22:20
How do I create a budget,"To make a budget, start by tracking your income and expenses. Then, allocate your income towards essential expenses like rent, food, and bills. Next, allocate some of your income towards savings and debt repayment. Finally, allocate the remainder of your income towards discretionary expenses like entertainment and hobbies.",2024-09-10 01:22:30
Today is a nice weather,"I'm sorry, I cannot provide real-time weather information.",2024-10-03 08:29:52
How's the weather today,"I'm sorry, I cannot provide real-time weather information.",2024-10-03 08:30:47
Hi,Hello,2024-10-03 08:30:56
hi,Hello,2024-12-06 14:07:03
what is naruto,"Mindfulness is the practice of being fully present in the moment, observing thoughts and feelings without judgment.",2024-12-06 14:07:20
tell me about death note,An intense cat-and-mouse game filled with suspense and moral dilemmas.,2024-12-06 14:08:56
tell me about naruto,"Naruto tells the story of a young ninja, Naruto Uzumaki, who dreams of becoming the Hokage and earning the respect of his village.",2024-12-06 14:10:13
one piece,"One Piece follows Monkey D. Luffy and his pirate crew as they search for the ultimate treasure, the One Piece.",2024-12-06 14:10:38
action,Demon Slayer offers breathtaking animation and thrilling sword fights.,2024-12-06 14:11:05
trauma,Growing a vegetable garden allows you to enjoy fresh produce and connect with nature.,2024-12-06 14:11:19
Bankai,Yokoso watashi no soul society.,2024-12-06 14:29:57
its my birthday,It doesnâ€™t matter whether itâ€™s your real birthday or not.,2024-12-06 14:30:30
Wish Me,"You are a burden to your family, friends, society and yourself too.",2024-12-06 14:32:40
Aizen,Growing a vegetable garden allows you to enjoy fresh produce and connect with nature.,2024-12-06 14:33:13
Bankai,Yare Yare.,2024-12-06 14:33:24
Bankai,This is my plan,2024-12-06 14:33:38
tell me about dragon ball,"As an AI, I don't watch movies, but I can suggest some popular ones like The Shawshank Redemption, Inception, or The Godfather.",2024-12-07 12:07:47
tell me about dragon ball,"**Dragon Ball** follows the adventures of Goku, a powerful martial artist with a pure heart, as he searches for the mystical Dragon Balls that grant any wish when gathered. Along the way, he battles formidable enemies, forges lifelong friendships, and grows stronger through relentless training. The series combines epic fights, humor, and a journey of self-improvement, becoming a cornerstone of modern anime.",2024-12-07 12:12:41
tell me about Garden of Words,"Gardening tips include choosing the right plants for your climate, watering properly, and using organic fertilizers.",2024-12-07 12:14:03
I want romantic drama anime,5 Centimeters Per Second explores bittersweet love and distance.,2024-12-07 12:20:28
What are good drama anime?,Violet Evergarden is a stunning and emotional drama anime.,2024-12-07 12:20:56
What are good anime movies?,"Weathering With You, from the same director, is a stunning and heartfelt film.",2024-12-07 12:22:30
tell me about Garden of Words,Growing a vegetable garden allows you to enjoy fresh produce and connect with nature.,2024-12-11 09:45:33
What are good anime movies?,Suzume is a pure classic.,2024-12-11 09:46:16
Is The Garden of Words worth to watch,"Garden Of Words has an amazing story, screenplay and outstanding ost.",2024-12-11 09:51:04
It's My Birthday,Happy Birthday,2024-12-11 09:54:47
tell me about naruto,"A must-watch for fans of ninja action, character development, and deep themes.",2024-12-11 09:58:57
